partition,count,spearman,kstest,delta
overall,165,-0.6661607606411908,0.9205163941985443,5.191452621440403
synth,111,-0.703943206337866,0.919806597579061,6.110201429970333
nat,25,-0.5456487662380303,0.9308333333333334,2.8159898754918675
real,29,-0.6254348429773305,0.9143392889017478,3.7226750663331987
